,,,Quarter,Values,,,,,,,,,,,,,,,,,,,,,
,,,Q3 2025,,Q4 2025,,Grand Total,,,,,,,,,,,,,,,,,,
Customer,Anker SKU,PDT,SUM of Delta Units,SUM of Delta Revenue,SUM of Delta Units,SUM of Delta Revenue,SUM of Delta Units,SUM of Delta Revenue,Battery supply shortage ,DP's comment,,,,,,,,,,,,,,,
COSTCO,B2698H21,Charger,"-108,150.00","-$2,886,523.50","-141,850.00","-$3,785,976.50","-250,000.00","-$6,672,500.00",,"No shortage; Unconstrained is the ""real plan"", Holding Constrained where it is until Costco decisions are aligned;  Directions have been to not make weekly adjustments (unless QTD)",1473,1473B2698H21,COSTCO,,,,,,,,,,,,
,B1618H11-3,Essential,,,"-76,000.00","-$2,765,640.00","-76,000.00","-$2,765,640.00",,"No shortage; Unconstrained is the ""real plan"", Holding Constrained where it is until Costco decisions are aligned;  Directions have been to not make weekly adjustments (unless QTD)",1473,1473B1618H11-3,,,,,,,,,,,,,
COSTCO Total,,,"-108,150.00","-$2,886,523.50","-217,850.00","-$6,551,616.50","-326,000.00","-$9,438,140.00",,,,,,,,,,,,,,,,,
BBY,A1340011,Battery,"-1,224.67","-$126,520.66","-5,515.96","-$569,853.73","-6,740.63","-$696,374.39",Shortage High risk,,532,532A1340011,BBY,,,,,,,,,,,,
,A110EH11-1,Essential,,,"-16,897.15","-$385,086.05","-16,897.15","-$385,086.05",Shortage High risk,,532,532A110EH11-1,,,,,,,,,,,,,
,A1695H11,Essential,-861.08,"-$50,114.84","-5,685.09","-$330,871.96","-6,546.16","-$380,986.80",Good,,532,532A1695H11,,,,,,,,,,,,,
,A1388H11-1,Essential,"-3,859.00","-$70,774.06","-16,131.00","-$295,842.54","-19,990.00","-$366,616.60",Shortage High risk,,532,532A1388H11-1,,,,,,,,,,,,,
,A1384H11-1,Essential,"-3,664.70","-$89,785.15","-8,455.35","-$207,156.03","-12,120.05","-$296,941.18",Shortage High risk,,532,532A1384H11-1,,,,,,,,,,,,,
,A1383H11-1,Battery,,,"-6,591.92","-$239,879.96","-6,591.92","-$239,879.96",Good,,532,532A1383H11-1,,,,,,,,,,,,,
,A110DH11-1,Essential,,,"-9,720.43","-$166,122.14","-9,720.43","-$166,122.14",Shortage High risk,,532,532A110DH11-1,,,,,,,,,,,,,
,A2039J21-1,Charger,,,"-10,879.89","-$125,118.75","-10,879.89","-$125,118.75",,,532,532A2039J21-1,,,,,,,,,,,,,
,A2688J41-1,Charger,-840.31,"-$28,528.53","-2,589.42","-$87,910.80","-3,429.73","-$116,439.33",,,532,532A2688J41-1,,,,,,,,,,,,,
,B2335J22-1,Essential,"-1,314.28","-$16,099.93","-4,956.15","-$60,712.88","-6,270.43","-$76,812.81",,,532,532B2335J22-1,,,,,,,,,,,,,
,A1657H11-1,Battery,,,"-1,000.00","-$53,990.00","-1,000.00","-$53,990.00",Good,,532,532A1657H11-1,,,,,,,,,,,,,
,A2038J21-1,Charger,-968.99,"-$11,821.66","-2,004.79","-$24,458.46","-2,973.78","-$36,280.12",Shortage High risk,,532,532A2038J21-1,,,,,,,,,,,,,
,B2322J21-1,Charger,-500.00,"-$10,185.00",-526.02,"-$10,715.04","-1,026.02","-$20,900.04",,,532,532B2322J21-1,,,,,,,,,,,,,
,A2326J21-1,Essential,,,"-1,776.96","-$17,414.16","-1,776.96","-$17,414.16",,,532,532A2326J21-1,,,,,,,,,,,,,
,A1336011,Battery,,,-207.24,"-$17,059.66",-207.24,"-$17,059.66",Good,,532,532A1336011,,,,,,,,,,,,,
,B2544J11,Wireless,-46.45,"-$1,627.25",-298.18,"-$10,445.42",-344.64,"-$12,072.67",,,532,532B2544J11,,,,,,,,,,,,,
,B2524J11-1,Wireless,-78.28,"-$1,517.07",-502.33,"-$9,735.19",-580.61,"-$11,252.26",,,532,532B2524J11-1,,,,,,,,,,,,,
,A2683141,Charger,,,-292.83,"-$11,022.08",-292.83,"-$11,022.08",,,532,532A2683141,,,,,,,,,,,,,
,B2548JF1-1,Wireless,-111.96,"-$1,508.12",-702.97,"-$9,469.07",-814.94,"-$10,977.19",,,532,532B2548JF1-1,,,,,,,,,,,,,
,A2697J41,Charger,,,-225.88,"-$8,325.89",-225.88,"-$8,325.89",,,532,532A2697J41,,,,,,,,,,,,,
,A1680H11-1,Essential,-46.45,"-$1,187.80",-254.31,"-$6,502.63",-300.76,"-$7,690.43",Shortage High risk,,532,532A1680H11-1,,,,,,,,,,,,,
,A2654J21-1,Charger,,,"-1,008.89","-$5,932.26","-1,008.89","-$5,932.26",Good,,532,532A2654J21-1,,,,,,,,,,,,,
,A1339111-1,Battery,,,-90.12,"-$4,703.62",-90.12,"-$4,703.62",Good,,532,532A1339111-1,,,,,,,,,,,,,
,B25M8J11-1,Wireless,,,-86.21,"-$4,645.91",-86.21,"-$4,645.91",,,532,532B25M8J11-1,,,,,,,,,,,,,
,B25X1J11,Wireless,,,-137.30,"-$3,588.99",-137.30,"-$3,588.99",,,532,532B25X1J11,,,,,,,,,,,,,
,A1636H11-1,Battery,-33.99,-$761.04,-124.32,"-$2,783.55",-158.31,"-$3,544.59",Shortage High risk,,532,532A1636H11-1,,,,,,,,,,,,,
,B25M4J11,Wireless,,,-67.88,"-$3,471.91",-67.88,"-$3,471.91",,,532,532B25M4J11,,,,,,,,,,,,,
,B25M8J21-1,Wireless,,,-57.47,"-$3,097.28",-57.47,"-$3,097.28",,,532,532B25M8J21-1,,,,,,,,,,,,,
,A2642J11-1,Essential,,,-199.82,"-$1,174.94",-199.82,"-$1,174.94",,,532,532A2642J11-1,,,,,,,,,,,,,
,A2662111,Essential,,,-70.35,"-$1,095.33",-70.35,"-$1,095.33",,,532,532A2662111,,,,,,,,,,,,,
,B2557J11-1,Wireless,,,-16.48,-$920.41,-16.48,-$920.41,,,532,532B2557J11-1,,,,,,,,,,,,,
,A2340111,Charger,,,-12.15,-$713.21,-12.15,-$713.21,,,532,532A2340111,,,,,,,,,,,,,
,A2345141,Charger,-1.65,-$119.89,-6.80,-$494.54,-8.45,-$614.43,,,532,532A2345141,,,,,,,,,,,,,
,A91F2121,Charger,,,-20.60,-$359.47,-20.60,-$359.47,,,532,532A91F2121,,,,,,,,,,,,,
,A2337J21-1,Charger,,,-33.68,-$313.57,-33.68,-$313.57,,,532,532A2337J21-1,,,,,,,,,,,,,
,B2557121,Wireless,,,-5.46,-$304.87,-5.46,-$304.87,,,532,532B2557121,,,,,,,,,,,,,
,B25X1J21,Wireless,,,-7.93,-$207.31,-7.93,-$207.31,,,532,532B25X1J21,,,,,,,,,,,,,
,A1259H11-1,Battery,,,-5.87,-$166.87,-5.87,-$166.87,Good,,532,532A1259H11-1,,,,,,,,,,,,,
,A9183123,Charger,,,-8.24,-$143.80,-8.24,-$143.80,,,532,532A9183123,,,,,,,,,,,,,
,A8013H12-1,Essential,,,-16.17,-$113.98,-16.17,-$113.98,,,532,532A8013H12-1,,,,,,,,,,,,,
,A83760Z1,Data New Accessories,,,-0.93,-$75.52,-0.93,-$75.52,,,532,532A83760Z1,,,,,,,,,,,,,
BBY Total,,,"-13,551.81","-$410,551.00","-97,190.54","-$2,681,999.78","-110,742.35","-$3,092,550.78",,,,,,,,,,,,,,,,,
TGT,A110EH11-1,Essential,,,"-20,659.00","-$408,841.61","-20,659.00","-$408,841.61",Shortage High risk,,1230,1230A110EH11-1,TGT,,,,,,,,,,,,
,A1289011,Battery,-752.00,"-$45,488.48","-4,773.00","-$288,718.77","-5,525.00","-$334,207.25",Good,,1230,1230A1289011,,,,,,,,,,,,,
,A1388H11-1,Essential,"-5,306.00","-$95,508.00","-11,607.00","-$208,926.00","-16,913.00","-$304,434.00",Shortage High risk,,1230,1230A1388H11-1,,,,,,,,,,,,,
,A1112H11-1,Essential,,,"-20,215.00","-$241,771.40","-20,215.00","-$241,771.40",Shortage High risk,,1230,1230A1112H11-1,,,,,,,,,,,,,
,A110DH11-1,Essential,,,"-11,680.00","-$166,907.20","-11,680.00","-$166,907.20",Shortage High risk,,1230,1230A110DH11-1,,,,,,,,,,,,,
,A2039J21-1,Charger,,,"-11,507.00","-$144,988.20","-11,507.00","-$144,988.20",,,1230,1230A2039J21-1,,,,,,,,,,,,,
,A1638H11-1,Battery,,,"-4,741.00","-$130,377.50","-4,741.00","-$130,377.50",Good,,1230,1230A1638H11-1,,,,,,,,,,,,,
,A1636H11-1,Battery,"-1,882.00","-$41,385.18","-3,460.00","-$76,085.40","-5,342.00","-$117,470.58",Shortage High risk,,1230,1230A1636H11-1,,,,,,,,,,,,,
,A1384H11-1,Essential,,,"-4,838.00","-$106,436.00","-4,838.00","-$106,436.00",Shortage High risk,,1230,1230A1384H11-1,,,,,,,,,,,,,
,A1680H11-1,Essential,,,"-3,444.00","-$85,204.56","-3,444.00","-$85,204.56",Shortage High risk,,1230,1230A1680H11-1,,,,,,,,,,,,,
,A81H6H21-1,Essential,"-7,687.00","-$26,904.50",,,"-7,687.00","-$26,904.50",,,1230,1230A81H6H21-1,,,,,,,,,,,,,
,A2021J21-1,Essential,"-1,779.00","-$13,769.46",-892.00,"-$6,904.08","-2,671.00","-$20,673.54",,,1230,1230A2021J21-1,,,,,,,,,,,,,
,B2326J21-1,Essential,-453.00,"-$5,843.70",-803.00,"-$10,358.70","-1,256.00","-$16,202.40",,,1230,1230B2326J21-1,,,,,,,,,,,,,
,B2335J22-1,Essential,-377.00,"-$5,673.85",-668.00,"-$10,053.40","-1,045.00","-$15,727.25",,,1230,1230B2335J22-1,,,,,,,,,,,,,
,A1653H11-1,Essential,-226.00,"-$3,523.34",-401.00,"-$6,251.59",-627.00,"-$9,774.93",Good,,1230,1230A1653H11-1,,,,,,,,,,,,,
,A2326J21-1,Essential,,,-654.00,"-$7,030.50",-654.00,"-$7,030.50",,,1230,1230A2326J21-1,,,,,,,,,,,,,
,A1695H11,Essential,-33.00,"-$1,848.00",-88.00,"-$4,928.00",-121.00,"-$6,776.00",Good,,1230,1230A1695H11,,,,,,,,,,,,,
,A1339111-1,Battery,-28.00,"-$1,506.12",-48.00,"-$2,581.92",-76.00,"-$4,088.04",Good,,1230,1230A1339111-1,,,,,,,,,,,,,
,A8312HA1-1,Data New Accessories,-96.00,"-$1,160.64",-229.00,"-$2,768.61",-325.00,"-$3,929.25",,,1230,1230A8312HA1-1,,,,,,,,,,,,,
TGT Total,,,"-18,619.00","-$242,611.27","-100,707.00","-$1,909,133.44","-119,326.00","-$2,151,744.71",,,,,,,,,,,,,,,,,
WM,A1388H11-1,Essential,"-4,473.00","-$83,689.83","-15,496.00","-$289,930.16","-19,969.00","-$373,619.99",Shortage High risk,,657,657A1388H11-1,WM,,,,,,,,,,,,
,B2326J21-1,Essential,,,"-22,780.00","-$278,599.40","-22,780.00","-$278,599.40",,Unconstrained is being used to bring in 4 additional WOS to potentially convert to Staple stock;  Supply Is confirmed ->Pending WMT Decision This Week,657,657B2326J21-1,,,,,,,,,,,,,
,A2326J21-1,Essential,,,"-25,863.00","-$268,457.94","-25,863.00","-$268,457.94",,Unconstrained is being used to bring in 4 additional WOS to potentially convert to Staple stock;  Supply Is confirmed ->Pending WMT Decision This Week,657,657A2326J21-1,,,,,,,,,,,,,
,A81B6H21-1,Essential,,,"-32,282.00","-$215,643.76","-32,282.00","-$215,643.76",,Unconstrained is being used to bring in 4 additional WOS to potentially convert to Staple stock;  Supply Is confirmed ->Pending WMT Decision This Week,657,657A81B6H21-1,,,,,,,,,,,,,
,B2548JF1-1,Wireless,,,"-14,193.00","-$194,444.10","-14,193.00","-$194,444.10",,Unconstrained is being used to bring in 4 additional WOS to potentially convert to Staple stock;  Supply Is confirmed ->Pending WMT Decision This Week,657,657B2548JF1-1,,,,,,,,,,,,,
,B2519JF1,Wireless,,,"-10,004.00","-$192,376.92","-10,004.00","-$192,376.92",,Unconstrained is being used to bring in 4 additional WOS to potentially convert to Staple stock;  Supply Is confirmed ->Pending WMT Decision This Week,657,657B2519JF1,,,,,,,,,,,,,
,A1618H11-1,Essential,"-5,255.00","-$81,925.45","-6,469.00","-$100,851.71","-11,724.00","-$182,777.16",Shortage High risk,Forecasting Constrained Supply through End of September ,657,657A1618H11-1,,,,,,,,,,,,,
,A2038J21-1,Charger,,,"-8,102.00","-$81,830.20","-8,102.00","-$81,830.20",Shortage High risk,Unconstrained is being used to bring in 4 additional WOS to potentially convert to Staple stock;  Supply Is confirmed ->Pending WMT Decision This Week,657,657A2038J21-1,,,,,,,,,,,,,
,A1112H11-1,Essential,,,"-2,323.00","-$30,199.00","-2,323.00","-$30,199.00",Shortage High risk,"""Constrained"" Supply in Wk 50 per supply schedule provided by SP team.  No other weeks showing shortage. ",657,657A1112H11-1,,,,,,,,,,,,,
,A2154J21-1,Charger,-935.00,"-$19,214.25",,,-935.00,"-$19,214.25",,Forecast is reflecting CW+1 & CW+2 constrained due to waiting on supply to hit RFI + Transfer to RJW,657,657A2154J21-1,,,,,,,,,,,,,
,A1636H11-1,Battery,-200.00,"-$4,158.00",,,-200.00,"-$4,158.00",Shortage High risk,WK38 OS Forecast,657,657A1636H11-1,,,,,,,,,,,,,
,A9110H11-1,Charger,-200.00,"-$3,742.00",,,-200.00,"-$3,742.00",,WK38 OS Forecast,657,657A9110H11-1,,,,,,,,,,,,,
,A2738HA2-1,Wireless,-200.00,"-$2,700.00",,,-200.00,"-$2,700.00",,WK38 OS Forecast,657,657A2738HA2-1,,,,,,,,,,,,,
,A2698J21-1,Charger,-200.00,"-$1,454.00",,,-200.00,"-$1,454.00",,WK38 OS Forecast,657,657A2698J21-1,,,,,,,,,,,,,
WM Total,,,"-11,463.00","-$196,883.53","-137,512.00","-$1,652,333.19","-148,975.00","-$1,849,216.72",,,,,,,,,,,,,,,,,
AT&T,A2698J21-1,Charger,,,"-41,515.00","-$199,272.00","-41,515.00","-$199,272.00",,"No shortage; Unconstrained reflecting ""High Case"" for their Fall set and Constrained reflecting ""low Case"" due to still pending approval by ATT",52109,52109A2698J21-1,AT&T,,,,,,,,,,,,
,A1665HB1,Battery,,,"-5,000.00","-$137,500.00","-5,000.00","-$137,500.00",Good,5k reflected under uncsontrained; program pending approval;  Not reflecting any constrained forecast.,52109,52109A1665HB1,,,,,,,,,,,,,
,A1681H11-1,Battery,,,"-5,000.00","-$137,500.00","-5,000.00","-$137,500.00",Good,5k additional reflected under uncsontrained; program pending approval;  ,52109,52109A1681H11-1,,,,,,,,,,,,,
AT&T Total,,,,,"-51,515.00","-$474,272.00","-51,515.00","-$474,272.00",,,,,,,,,,,,,,,,,
C2 Wireless,B2643J11-1,Charger,"-5,000.00","-$105,000.00","-8,000.00","-$168,000.00","-13,000.00","-$273,000.00",,,51214,51214B2643J11-1,C2 Wireless,,,,,,,,,,,,
C2 Wireless Total,,,"-5,000.00","-$105,000.00","-8,000.00","-$168,000.00","-13,000.00","-$273,000.00",,,,,,,,,,,,,,,,,
CMS(Apple) EMEA,A1667G21,Battery,,,"-1,399.11","-$37,146.42","-1,399.11","-$37,146.42",,,1856,1856A1667G21,CMS(Apple) EMEA,,,,,,,,,,,,
,A1667G31,Battery,,,-846.75,"-$22,481.12",-846.75,"-$22,481.12",,,1856,1856A1667G31,,,,,,,,,,,,,
,Y1812GA1,Wireless,,,-144.99,"-$7,226.43",-144.99,"-$7,226.43",,,1856,1856Y1812GA1,,,,,,,,,,,,,
,Y1812G21,Wireless,,,-84.80,"-$4,226.22",-84.80,"-$4,226.22",,,1856,1856Y1812G21,,,,,,,,,,,,,
,B2657G21,Charger,,,-280.34,"-$3,436.99",-280.34,"-$3,436.99",,,1856,1856B2657G21,,,,,,,,,,,,,
,A2689G21,Charger,,,-215.71,"-$3,304.61",-215.71,"-$3,304.61",,,1856,1856A2689G21,,,,,,,,,,,,,
,A2644G21,Charger,-6.90,-$352.37,-44.13,"-$2,253.63",-51.03,"-$2,606.00",,,1856,1856A2644G21,,,,,,,,,,,,,
,A2655G21,Charger,-9.90,-$376.20,-58.30,"-$2,215.40",-68.20,"-$2,591.60",,,1856,1856A2655G21,,,,,,,,,,,,,
,A2604G21,Charger,-4.80,-$117.65,-84.80,"-$2,078.33",-89.60,"-$2,195.98",,,1856,1856A2604G21,,,,,,,,,,,,,
,A2644V21,Charger,-3.60,-$180.00,-37.64,"-$1,882.00",-41.24,"-$2,062.00",,,1856,1856A2644V21,,,,,,,,,,,,,
,B25L0G21,Wireless,-3.25,-$105.54,-53.01,"-$1,721.09",-56.26,"-$1,826.63",,,1856,1856B25L0G21,,,,,,,,,,,,,
,A2655V21,Charger,-7.00,-$266.00,-26.50,"-$1,007.00",-33.50,"-$1,273.00",,,1856,1856A2655V21,,,,,,,,,,,,,
,A2689V21,Charger,-4.23,-$64.74,-68.92,"-$1,055.87",-73.15,"-$1,120.61",,,1856,1856A2689V21,,,,,,,,,,,,,
,B2657V21,Charger,,,-75.28,-$903.36,-75.28,-$903.36,,,1856,1856B2657V21,,,,,,,,,,,,,
,A2604V21,Charger,,,-31.80,-$779.39,-31.80,-$779.39,,,1856,1856A2604V21,,,,,,,,,,,,,
,Y1812HA1,Wireless,,,-5.30,-$258.64,-5.30,-$258.64,,,1856,1856Y1812HA1,,,,,,,,,,,,,
CMS(Apple) EMEA Total,,,-39.68,"-$1,462.50","-3,457.36","-$91,976.50","-3,497.04","-$93,439.00",,,,,,,,,,,,,,,,,
Superior Communications,B2557J11-1,Wireless,-174.00,"-$9,989.95",-799.00,"-$45,151.20",-973.00,"-$55,141.15",,,1741,1741B2557J11-1,Superior Communications,,,,,,,,,,,,
,B2932H11-1,Wireless,-7.00,-$179.55,-23.00,-$589.95,-30.00,-$769.50,,,1741,1741B2932H11-1,,,,,,,,,,,,,
Superior Communications Total,,,-181.00,"-$10,169.50",-822.00,"-$45,741.15","-1,003.00","-$55,910.65",,,,,,,,,,,,,,,,,
Verizon Wireless,A1618H11-1,Essential,-213.00,"-$3,621.00",-855.00,"-$14,535.00","-1,068.00","-$18,156.00",Shortage High risk,,1741,1741A1618H11-1,Verizon Wireless,,,,,,,,,,,,
,A9215H21,Charger,,,"-1,000.00","-$16,000.00","-1,000.00","-$16,000.00",,,1741,1741A9215H21,,,,,,,,,,,,,
,A1388H11-1,Essential,-162.00,"-$2,624.40",-714.00,"-$11,566.80",-876.00,"-$14,191.20",Shortage High risk,,1741,1741A1388H11-1,,,,,,,,,,,,,
,A1384H11-1,Essential,-10.00,-$250.00,,,-10.00,-$250.00,Shortage High risk,,1741,1741A1384H11-1,,,,,,,,,,,,,
Verizon Wireless Total,,,-385.00,"-$6,495.40","-2,569.00","-$42,101.80","-2,954.00","-$48,597.20",,,,,,,,,,,,,,,,,
Dancom Malaysia,A1667H21,Battery,,,-250.00,"-$6,500.00",-250.00,"-$6,500.00",,,52659,52659A1667H21,Dancom Malaysia,,,,,,,,,,,,
,Y1812HA1,Wireless,-48.00,"-$2,342.40",-78.00,"-$3,806.40",-126.00,"-$6,148.80",,,52659,52659Y1812HA1,,,,,,,,,,,,,
,A2655V21,Charger,-10.00,-$380.00,-50.00,"-$1,900.00",-60.00,"-$2,280.00",,,52659,52659A2655V21,,,,,,,,,,,,,
,B2657V21,Charger,-58.00,-$696.00,,,-58.00,-$696.00,,,52659,52659B2657V21,,,,,,,,,,,,,
Dancom Malaysia Total,,,-116.00,"-$3,418.40",-378.00,"-$12,206.40",-494.00,"-$15,624.80",,,,,,,,,,,,,,,,,
Apple JP,A1667H21,Battery,,,-185.60,"-$4,825.60",-185.60,"-$4,825.60",,,52738,52738A1667H21,Apple JP,,,,,,,,,,,,
,Y1812H21,Wireless,,,-58.40,"-$2,849.92",-58.40,"-$2,849.92",,,52738,52738Y1812H21,,,,,,,,,,,,,
,A1667H31,Battery,,,-102.85,"-$2,674.10",-102.85,"-$2,674.10",,,52738,52738A1667H31,,,,,,,,,,,,,
,Y1812HA1,Wireless,-2.88,-$140.30,-31.50,"-$1,537.20",-34.38,"-$1,677.50",,,52738,52738Y1812HA1,,,,,,,,,,,,,
,B25L0H21,Wireless,,,-17.40,-$553.32,-17.40,-$553.32,,,52738,52738B25L0H21,,,,,,,,,,,,,
,A2689J21,Charger,,,-30.74,-$461.10,-30.74,-$461.10,,,52738,52738A2689J21,,,,,,,,,,,,,
,B2657J21,Charger,,,-33.92,-$407.04,-33.92,-$407.04,,,52738,52738B2657J21,,,,,,,,,,,,,
,A2604J21,Charger,,,-12.72,-$305.28,-12.72,-$305.28,,,52738,52738A2604J21,,,,,,,,,,,,,
,A2644N21,Charger,,,-5.30,-$265.00,-5.30,-$265.00,,,52738,52738A2644N21,,,,,,,,,,,,,
,A2655J21,Charger,,,-4.24,-$161.12,-4.24,-$161.12,,,52738,52738A2655J21,,,,,,,,,,,,,
Apple JP Total,,,-2.88,-$140.30,-482.67,"-$14,039.68",-485.55,"-$14,179.98",,,,,,,,,,,,,,,,,
CMS(Apple) APAC,Y1812W21,Wireless,-50.00,"-$2,440.00",,,-50.00,"-$2,440.00",,,1857,1857Y1812W21,CMS(Apple) APAC,,,,,,,,,,,,
,A1667H21,Battery,-38.50,"-$1,001.00",-37.10,-$964.60,-75.60,"-$1,965.60",,,1857,1857A1667H21,,,,,,,,,,,,,
,Y1812WA1,Wireless,-40.00,"-$1,952.00",,,-40.00,"-$1,952.00",,,1857,1857Y1812WA1,,,,,,,,,,,,,
,B25L0W21,Wireless,,,-40.00,"-$1,200.00",-40.00,"-$1,200.00",,,1857,1857B25L0W21,,,,,,,,,,,,,
,A1667H31,Battery,-16.50,-$429.00,-15.90,-$413.40,-32.40,-$842.40,,,1857,1857A1667H31,,,,,,,,,,,,,
,Y1812HA1,Wireless,-6.60,-$322.08,-6.36,-$310.36,-12.96,-$632.44,,,1857,1857Y1812HA1,,,,,,,,,,,,,
,A2644W21,Charger,-4.40,-$220.00,-4.24,-$212.00,-8.64,-$432.00,,,1857,1857A2644W21,,,,,,,,,,,,,
,A2689V21,Charger,-12.10,-$181.50,-11.66,-$174.90,-23.76,-$356.40,,,1857,1857A2689V21,,,,,,,,,,,,,
,Y1812H21,Wireless,-3.30,-$161.04,-3.18,-$155.18,-6.48,-$316.22,,,1857,1857Y1812H21,,,,,,,,,,,,,
,A1667Z21,Battery,-5.00,-$130.00,-5.30,-$137.80,-10.30,-$267.80,,,1857,1857A1667Z21,,,,,,,,,,,,,
,A1667Z31,Battery,-5.00,-$130.00,-5.30,-$137.80,-10.30,-$267.80,,,1857,1857A1667Z31,,,,,,,,,,,,,
,A2604W21,Charger,-5.50,-$132.00,-5.30,-$127.20,-10.80,-$259.20,,,1857,1857A2604W21,,,,,,,,,,,,,
,A2655W21,Charger,-3.30,-$125.40,-3.18,-$120.84,-6.48,-$246.24,,,1857,1857A2655W21,,,,,,,,,,,,,
,B25L0H21,Wireless,-3.30,-$104.94,-3.18,-$101.12,-6.48,-$206.06,,,1857,1857B25L0H21,,,,,,,,,,,,,
,B2657W21,Charger,-7.70,-$92.40,-7.42,-$89.04,-15.12,-$181.44,,,1857,1857B2657W21,,,,,,,,,,,,,
,A2689W21,Charger,-5.50,-$82.50,-5.30,-$79.50,-10.80,-$162.00,,,1857,1857A2689W21,,,,,,,,,,,,,
,B2657V21,Charger,-6.60,-$79.20,-6.36,-$76.32,-12.96,-$155.52,,,1857,1857B2657V21,,,,,,,,,,,,,
,A2644V21,Charger,-1.10,-$55.00,-1.06,-$53.00,-2.16,-$108.00,,,1857,1857A2644V21,,,,,,,,,,,,,
,A2604V21,Charger,-2.20,-$52.80,-2.12,-$50.88,-4.32,-$103.68,,,1857,1857A2604V21,,,,,,,,,,,,,
CMS(Apple) APAC Total,,,-216.60,"-$7,690.86",-162.96,"-$4,403.94",-379.56,"-$12,094.80",,,,,,,,,,,,,,,,,
Apple AU,A1667H21,Battery,-18.90,-$491.40,-111.30,"-$2,893.80",-130.20,"-$3,385.20",,,52741,52741A1667H21,Apple AU,,,,,,,,,,,,
,A1667H31,Battery,-11.70,-$304.20,-68.90,"-$1,791.40",-80.60,"-$2,095.60",,,52741,52741A1667H31,,,,,,,,,,,,,
,Y1812TA1,Wireless,,,-21.20,"-$1,034.56",-21.20,"-$1,034.56",,,52741,52741Y1812TA1,,,,,,,,,,,,,
,Y1812T21,Wireless,,,-15.90,-$775.92,-15.90,-$775.92,,,52741,52741Y1812T21,,,,,,,,,,,,,
,A2689T21,Charger,,,-47.70,-$715.50,-47.70,-$715.50,,,52741,52741A2689T21,,,,,,,,,,,,,
,A2644T21,Charger,,,-12.72,-$636.00,-12.72,-$636.00,,,52741,52741A2644T21,,,,,,,,,,,,,
,A2655T21,Charger,,,-15.90,-$604.20,-15.90,-$604.20,,,52741,52741A2655T21,,,,,,,,,,,,,
,A2604T21,Charger,,,-23.32,-$559.68,-23.32,-$559.68,,,52741,52741A2604T21,,,,,,,,,,,,,
,B25L0T21,Wireless,,,-15.90,-$505.62,-15.90,-$505.62,,,52741,52741B25L0T21,,,,,,,,,,,,,
,B2657T21,Charger,,,-40.28,-$483.36,-40.28,-$483.36,,,52741,52741B2657T21,,,,,,,,,,,,,
Apple AU Total,,,-30.60,-$795.60,-373.12,"-$10,000.04",-403.72,"-$10,795.64",,,,,,,,,,,,,,,,,
Apple HK,A1667H21,Battery,,,-106.88,"-$2,778.88",-106.88,"-$2,778.88",,,52734,52734A1667H21,Apple HK,,,,,,,,,,,,
,A1667H31,Battery,,,-93.52,"-$2,431.52",-93.52,"-$2,431.52",,,52734,52734A1667H31,,,,,,,,,,,,,
,B25L0H21,Wireless,,,-21.20,-$674.16,-21.20,-$674.16,,,52734,52734B25L0H21,,,,,,,,,,,,,
,Y1812H21,Wireless,,,-13.25,-$646.60,-13.25,-$646.60,,,52734,52734Y1812H21,,,,,,,,,,,,,
,Y1812HA1,Wireless,,,-10.60,-$517.28,-10.60,-$517.28,,,52734,52734Y1812HA1,,,,,,,,,,,,,
,A2644V21,Charger,,,-7.37,-$368.50,-7.37,-$368.50,,,52734,52734A2644V21,,,,,,,,,,,,,
,A2689V21,Charger,,,-22.71,-$340.68,-22.71,-$340.68,,,52734,52734A2689V21,,,,,,,,,,,,,
,A2604V21,Charger,,,-10.32,-$247.63,-10.32,-$247.63,,,52734,52734A2604V21,,,,,,,,,,,,,
,B2657V21,Charger,,,-14.51,-$174.10,-14.51,-$174.10,,,52734,52734B2657V21,,,,,,,,,,,,,
,A2655V21,Charger,,,-4.24,-$161.12,-4.24,-$161.12,,,52734,52734A2655V21,,,,,,,,,,,,,
Apple HK Total,,,,,-304.60,"-$8,340.47",-304.60,"-$8,340.47",,,,,,,,,,,,,,,,,
Apple CN,B2657P21,Charger,,,-235.77,"-$2,869.36",-235.77,"-$2,869.36",,,52728,52728B2657P21,Apple CN,,,,,,,,,,,,
,Y1811PA1,Wireless,,,-37.10,"-$2,271.20",-37.10,"-$2,271.20",,,52728,52728Y1811PA1,,,,,,,,,,,,,
,A2689P21,Charger,,,-48.36,-$735.48,-48.36,-$735.48,,,52728,52728A2689P21,,,,,,,,,,,,,
,A2644P21,Charger,,,-14.00,-$709.73,-14.00,-$709.73,,,52728,52728A2644P21,,,,,,,,,,,,,
,A2604P21,Charger,,,-28.00,-$681.33,-28.00,-$681.33,,,52728,52728A2604P21,,,,,,,,,,,,,
,A2655P21,Charger,,,-16.12,-$621.05,-16.12,-$621.05,,,52728,52728A2655P21,,,,,,,,,,,,,
Apple CN Total,,,,,-379.35,"-$7,888.15",-379.35,"-$7,888.15",,,,,,,,,,,,,,,,,
Love's,A2736H11-1,Wireless,-60.00,-$631.20,-260.00,"-$2,735.20",-320.00,"-$3,366.40",,,52304,52304A2736H11-1,Love's,,,,,,,,,,,,
,A1653H11-1,Essential,-15.00,-$238.35,-65.00,"-$1,032.85",-80.00,"-$1,271.20",Good,,52304,52304A1653H11-1,,,,,,,,,,,,,
Love's Total,,,-75.00,-$869.55,-325.00,"-$3,768.05",-400.00,"-$4,637.60",,,,,,,,,,,,,,,,,
SYNNEX,A8013H21-1,Essential,-90.00,-$741.60,-360.00,"-$2,966.40",-450.00,"-$3,708.00",,,1963,1963A8013H21-1,SYNNEX,,,,,,,,,,,,
,B2557J11-1,Wireless,-2.00,-$124.06,-6.00,-$372.18,-8.00,-$496.24,,,1963,1963B2557J11-1,,,,,,,,,,,,,
SYNNEX Total,,,-92.00,-$865.66,-366.00,"-$3,338.58",-458.00,"-$4,204.24",,,,,,,,,,,,,,,,,
Apple Korea,A1667H21,Battery,,,-63.59,"-$1,545.92",-63.59,"-$1,545.92",,,52749,52749A1667H21,Apple Korea,,,,,,,,,,,,
,A1667H31,Battery,,,-31.80,-$772.98,-31.80,-$772.98,,,52749,52749A1667H31,,,,,,,,,,,,,
,Y1812QA1,Wireless,,,-7.42,-$338.51,-7.42,-$338.51,,,52749,52749Y1812QA1,,,,,,,,,,,,,
,Y1812Q21,Wireless,,,-5.30,-$241.81,-5.30,-$241.81,,,52749,52749Y1812Q21,,,,,,,,,,,,,
,A2689Q21,Charger,,,-16.96,-$237.83,-16.96,-$237.83,,,52749,52749A2689Q21,,,,,,,,,,,,,
,B2657Q21,Charger,,,-19.08,-$214.05,-19.08,-$214.05,,,52749,52749B2657Q21,,,,,,,,,,,,,
,A2655Q21,Charger,,,-5.30,-$188.28,-5.30,-$188.28,,,52749,52749A2655Q21,,,,,,,,,,,,,
,B25L0Q21,Wireless,,,-5.30,-$157.56,-5.30,-$157.56,,,52749,52749B25L0Q21,,,,,,,,,,,,,
,A2644Q21,Charger,,,-3.18,-$148.65,-3.18,-$148.65,,,52749,52749A2644Q21,,,,,,,,,,,,,
,A2604Q21,Charger,,,-4.24,-$95.13,-4.24,-$95.13,,,52749,52749A2604Q21,,,,,,,,,,,,,
Apple Korea Total,,,,,-162.17,"-$3,940.72",-162.17,"-$3,940.72",,,,,,,,,,,,,,,,,
Koan Company Ltd.,B2657E21,Charger,-60.00,-$720.00,-90.00,"-$1,080.00",-150.00,"-$1,800.00",,,52744,52744B2657E21,Koan Company Ltd.,,,,,,,,,,,,
Koan Company Ltd. Total,,,-60.00,-$720.00,-90.00,"-$1,080.00",-150.00,"-$1,800.00",,,,,,,,,,,,,,,,,
VoiceComm,A1618H11-1,Essential,,,-80.00,"-$1,428.00",-80.00,"-$1,428.00",Shortage High risk,,50387,50387A1618H11-1,VoiceComm,,,,,,,,,,,,
VoiceComm Total,,,,,-80.00,"-$1,428.00",-80.00,"-$1,428.00",,,,,,,,,,,,,,,,,
"Lynco Distribution, Inc",A1112H11-1,Essential,,,-22.00,-$242.00,-22.00,-$242.00,Shortage High risk,,52208,52208A1112H11-1,"Lynco Distribution, Inc",,,,,,,,,,,,
"Lynco Distribution, Inc Total",,,,,-22.00,-$242.00,-22.00,-$242.00,,x,,,,x,x,x,x,x,x,x,x,x,x,x,x